id,datovedt,distrikt,doklink,sol_relevant,sol_side,sol_paragraf,kommentar_sol,vind_relevant,vind_side,vind_paragraf,kommentar_vind,batteri_relevant,batteri_side,batteri_paragraf,kommentar_batteri,tekniske_anlaeg_relevant,tekniske_anlaeg_side,tekniske_anlaeg_paragraf,kommentar_tekniske_anlaeg,andet_relevant_regulering,andet_side,andet_paragraf,kommentar_andet_regulering,kommentar_kort
338448,1970-11-13,Hasle,https://dokument.plandata.dk/20_1126650_APPROVED_1233745386875.pdf,0,null,null,Solenergi ikke behandlet,0,null,null,Vindenergi ikke behandlet,0,null,null,Ingen regler om batterier,0,null,null,Ingen tekniske energianlæg reguleret,0,null,null,Ingen øvrig regulering relevant for energianlæg,Planen indeholder ingen bestemmelser om privat sol eller vind
498745,1980-05-21,Hasle,https://dokument.plandata.dk/20_1126688_APPROVED_1233752188015.pdf,1,5,§8.3,Solfangere kan opsættes på tag efter kommunal godkendelse,0,null,null,Ingen regler om vindmøller,0,null,null,Ingen regler om batterier,1,2,§3.4,Tekniske anlæg som transformerstationer nævnes,0,null,null,Ingen andre forhold der påvirker energianlæg,"Privat sol mulig, men kun med eksplicit godkendelse"
338366,1988-03-23,Hasle,https://dokument.plandata.dk/20_1126689_APPROVED_1233752555640.pdf,1,5,§8.3,Solfangere kan tillades på tag med godkendelse,0,null,null,Ingen regler om vindmøller,0,null,null,Ingen regler om batterier,1,2,§3.3,Tekniske anlæg som transformerstationer tilladt,0,null,null,Ingen øvrig relevant regulering,"Planen åbner for sol, men kun via individuel tilladelse"
434492,1987-07-11,Hasle,https://dokument.plandata.dk/20_1126690_APPROVED_1233753722406.pdf,1,6,§8.3,Solfangere kan tillades på eller i tagfladen,0,null,null,Ingen regler om vindmøller,0,null,null,Ingen regler om batterier,1,6,§9.1,Nævner tekniske anlæg og infrastruktur,0,null,null,Ingen anden regulering med betydning for energianlæg,Solenergi er eksplicit reguleret og kræver tilladelse
431625,1991-01-23,Hasle,https://dokument.plandata.dk/20_1126699_APPROVED_1233757524406.pdf,1,7,§6.8,Solinstallationer kan godkendes enkeltvist,0,null,null,Ingen regler om vindmøller,0,null,null,Ingen regler om batterier,1,7,§7.2,Forsyningsanlæg og tekniske installationer reguleres,0,null,null,Ingen øvrig relevant regulering,Sol nævnes som mulighed men ikke som generel ret
425052,1995-12-20,Hasle,https://dokument.plandata.dk/20_1126741_APPROVED_1233823143078.pdf,0,null,null,Sol ikke direkte behandlet,0,null,null,Vind ikke behandlet,0,null,null,Batterier ikke behandlet,0,null,null,Ingen energitekniske anlæg reguleret,1,6-8,null,Bevaringsbestemmelser kræver tilladelse til alle ydre ændringer,Bevarende plan gør energianlæg usandsynlige uden dispensation
434919,1991-10-30,Hasle,https://dokument.plandata.dk/20_1126869_APPROVED_1233846478972.pdf,0,null,null,Solenergi ikke omtalt,0,null,null,Vind ikke omtalt,0,null,null,Batterier ikke omtalt,0,null,null,Ingen tekniske energianlæg nævnt,1,14-18,null,Området er underlagt omfattende bevaringshensyn,Bevaringsplan uden specifikke energibestemmelser
338300,1998-11-25,Hasle,https://dokument.plandata.dk/20_1126870_APPROVED_1310469752607.pdf,0,null,null,Solenergi ikke nævnt,0,null,null,Vind ikke nævnt,0,null,null,Batterier ikke nævnt,1,10,§8,Nævner antenner og andre tekniske installationer,0,null,null,Ingen anden regulering med betydning,Planen omhandler ikke vedvarende energi specifikt
338431,1977-12-19,Rønne,https://dokument.plandata.dk/20_1122635_APPROVED_1232447507000.pdf,0,null,null,Solenergi ikke omtalt,0,null,null,Vindenergi ikke omtalt,0,null,null,Batterier ikke omtalt,0,null,null,Ingen tekniske energianlæg reguleret,0,null,null,Ingen anden regulering relevant for energianlæg,Planen indeholder ingen bestemmelser om energianlæg (sol/vind/batteri)
435401,1975-09-23,Rønne,https://dokument.plandata.dk/20_1145767_APPROVED_1357812584429.pdf,0,null,null,Solenergi ikke omtalt,0,null,null,Vindenergi ikke omtalt,0,null,null,Batterier ikke omtalt,0,null,null,Ingen tekniske energianlæg reguleret,0,5,§6.1b,Permanente blanke eller reflekterende tagmaterialer må ikke anvendes,Planen indeholder ingen bestemmelser om energianlæg (sol/vind/batteri)
338439,1975-03-10,Rønne,https://dokument.plandata.dk/20_1145769_APPROVED_1236863413417.pdf,0,null,null,Solenergi ikke omtalt,0,null,null,Vindenergi ikke omtalt,0,null,null,Batterier ikke omtalt,0,null,null,Ingen tekniske energianlæg reguleret,0,null,null,Ingen anden regulering relevant for energianlæg,Planen indeholder ingen bestemmelser om energianlæg (sol/vind/batteri)
435204,1973-12-18,Rønne,https://dokument.plandata.dk/20_1145317_APPROVED_1287398679769.pdf,0,null,null,Solenergi ikke omtalt,0,null,null,Vindenergi ikke omtalt,0,null,null,Batterier ikke omtalt,0,null,null,Ingen tekniske energianlæg reguleret,0,null,null,Ingen anden regulering relevant for energianlæg,Planen indeholder ingen bestemmelser om energianlæg (sol/vind/batteri)
560373,1972-02-28,Rønne,https://dokument.plandata.dk/20_1145069_APPROVED_1236779939899.pdf,0,null,null,Solenergi ikke omtalt,0,null,null,Vindenergi ikke omtalt,0,null,null,Batterier ikke omtalt,0,null,null,Ingen tekniske energianlæg reguleret,0,null,null,Ingen anden regulering relevant for energianlæg,Planen indeholder ingen bestemmelser om energianlæg (sol/vind/batteri)
434643,1970-07-27,Rønne,https://dokument.plandata.dk/20_1144722_APPROVED_1236770584607.pdf,0,null,null,Solenergi ikke omtalt,0,null,null,Vindenergi ikke omtalt,0,null,null,Batterier ikke omtalt,0,null,null,Ingen tekniske energianlæg reguleret,0,null,null,Ingen anden regulering relevant for energianlæg,Planen indeholder ingen bestemmelser om energianlæg (sol/vind/batteri)
514354,1967-01-23,Rønne,https://dokument.plandata.dk/20_1129310_1587989001942.pdf,0,null,null,Solenergi ikke omtalt,0,null,null,Vindenergi ikke omtalt,0,null,null,Batterier ikke omtalt,0,null,null,Ingen tekniske energianlæg reguleret,0,null,null,Ingen anden regulering relevant for energianlæg,Planen indeholder ingen bestemmelser om energianlæg (sol/vind/batteri)
609131,1955-01-14,Rønne,https://dokument.plandata.dk/20_1129250_APPROVED_1234179187602.pdf,0,null,null,Solenergi ikke omtalt,0,null,null,Vindenergi ikke omtalt,0,null,null,Batterier ikke omtalt,0,null,null,Ingen tekniske energianlæg reguleret,0,null,null,Ingen anden regulering relevant for energianlæg,Planen indeholder ingen bestemmelser om energianlæg (sol/vind/batteri)
565014,1947-09-22,Rønne,https://dokument.plandata.dk/20_1126846_1686824222664.pdf,0,null,null,Solenergi ikke omtalt,0,null,null,Vindenergi ikke omtalt,0,null,null,Batterier ikke omtalt,1,6,§8,Planen tillader etablering af transformerstationer i området (med størrelses-/højdekrav),0,null,null,Ingen anden regulering relevant for energianlæg,"Der er ikke regler om sol/vind/batteri, men tekniske forsyningsanlæg (transformerstationer) er nævnt"
338457,1942-06-02,Rønne,https://dokument.plandata.dk/20_1126652_APPROVED_1233745668109.pdf,0,null,null,Solenergi ikke omtalt,0,null,null,Vindenergi ikke omtalt,0,null,null,Batterier ikke omtalt,0,null,null,Ingen tekniske energianlæg reguleret,0,null,null,Ingen anden regulering relevant for energianlæg,Planen indeholder ingen bestemmelser om energianlæg (sol/vind/batteri)
433102,1985-06-24,Rønne,https://dokument.plandata.dk/20_1124625_APPROVED_1232960024546.pdf,1,10,§8.3,Byrådet kan tillade indbygning af solfangere,0,null,null,Vindenergi ikke omtalt,0,null,null,Batterier ikke omtalt,0,null,null,Ingen tekniske energianlæg reguleret,0,null,null,Ingen anden regulering relevant for energianlæg,Planen indeholder ingen bestemmelser om energianlæg (sol/vind/batteri)
434585,1985-06-24,Rønne,https://dokument.plandata.dk/20_1124623_APPROVED_1232959691984.pdf,1,11,§8.3,Byrådet kan tillade indbygning af solfangere,0,null,null,Vindenergi ikke omtalt,0,null,null,Batterier ikke omtalt,1,5,§5.1,Planen nævner almindelige ledningsanlæg og tekniske installationer,0,null,null,Ingen anden regulering relevant for energianlæg,"Tekniske installationer nævnes generelt, men intet om VE-anlæg"
434487,1984-06-25,Rønne,https://dokument.plandata.dk/20_1078123_APPROVED_1206701598004.pdf,0,null,null,Solenergi ikke omtalt,0,null,null,Vindenergi ikke omtalt,0,null,null,Batterier ikke omtalt,0,null,null,Ingen tekniske energianlæg reguleret,0,null,null,Ingen anden regulering relevant for energianlæg,Planen indeholder ingen bestemmelser om energianlæg
425245,1983-11-28,Rønne,https://dokument.plandata.dk/20_1124621_APPROVED_1232958991640.pdf,0,null,null,Solenergi ikke omtalt,0,null,null,Vindenergi ikke omtalt,0,null,null,Batterier ikke omtalt,1,4,§4.2,Bestemmelser om generelle forsyningsledninger og tekniske anlæg,0,null,null,Ingen anden regulering relevant for energianlæg,"Almindelige tekniske anlæg nævnes, men ikke VE-specifikt"
433801,1983-02-14,Rønne,https://dokument.plandata.dk/20_1123149_APPROVED_1292833464001.pdf,0,null,null,Solenergi ikke omtalt,0,null,null,Vindenergi ikke omtalt,0,null,null,Batterier ikke omtalt,0,null,null,Ingen tekniske energianlæg reguleret,0,null,null,Ingen anden regulering relevant for energianlæg,Planen indeholder ingen bestemmelser om energianlæg
434444,1982-02-22,Rønne,https://dokument.plandata.dk/20_1123115_APPROVED_1232627071640.pdf,0,null,null,Solenergi ikke omtalt,0,null,null,Vindenergi ikke omtalt,0,null,null,Batterier ikke omtalt,1,6,§6.1,Generelle regler om ledningsanlæg (jordkabler),0,null,null,Ingen anden regulering relevant for energianlæg,Omhandler kun almindelige tekniske installationer
338412,1980-08-11,Rønne,https://dokument.plandata.dk/20_1123123_APPROVED_1232636319312.pdf,0,null,null,Solenergi ikke omtalt,0,null,null,Vindenergi ikke omtalt,0,null,null,Batterier ikke omtalt,1,7,§6.4,Transformerstation nævnt som eksisterende anlæg,0,null,null,Ingen anden regulering relevant for energianlæg,"Omhandler eksisterende teknisk anlæg, ikke privat energiproduktion"
554838,1979-10-15,Rønne,https://dokument.plandata.dk/20_1122541_1508320581960.pdf,0,null,null,Solenergi ikke omtalt,0,null,null,Vindenergi ikke omtalt,0,null,null,Batterier ikke omtalt,0,null,null,Ingen tekniske energianlæg reguleret,1,7,§7.2,Tagmaterialer må ikke være blanke eller reflekterende,"Planen indeholder ingen specifikke energiregler, men generelt krav om dispensation kan begrænse energianlæg"
434599,1978-09-11,Rønne,https://dokument.plandata.dk/20_1123059_APPROVED_1232535008062.pdf,0,null,null,Solenergi ikke omtalt,0,null,null,Vindenergi ikke omtalt,0,null,null,Batterier ikke omtalt,1,8,§6.2,Regler om transformerstation og tekniske installationer,0,null,null,Ingen anden regulering relevant for energianlæg,Omhandler tekniske anlæg i forbindelse med skoleområde
433506,1978-06-26,Rønne,https://dokument.plandata.dk/20_1122645_APPROVED_1232448894609.pdf,0,null,null,Solenergi ikke omtalt,0,null,null,Vindenergi ikke omtalt,0,null,null,Batterier ikke omtalt,1,7,§6.1,Bestemmelser om almindelige ledningsanlæg,0,null,null,Ingen anden regulering relevant for energianlæg,Ingen VE-relevant regulering i planen
338347,1989-11-27,Rønne,https://dokument.plandata.dk/20_1124896_APPROVED_1233061584468.pdf,0,null,null,Solenergi ikke omtalt,0,null,null,Vindenergi ikke omtalt,0,null,null,Batterier ikke omtalt,0,null,null,Ingen tekniske energianlæg reguleret,0,null,null,Ingen anden regulering relevant for energianlæg,Planen indeholder ingen bestemmelser om energianlæg
434591,1989-05-22,Rønne,https://dokument.plandata.dk/20_1124854_APPROVED_1233050151906.pdf,0,null,null,Solenergi ikke omtalt,0,null,null,Vindenergi ikke omtalt,0,null,null,Batterier ikke omtalt,1,6,§5.1,Planen nævner generelle ledningsanlæg og tekniske installationer,1,10,§6.2,"Ikke behandlede metaloverflader kan dog tillades, såfremt de ikke har en reflekterende virkning","Almindelige tekniske installationer omtales, men ikke VE"
554839,1988-11-28,Rønne,https://dokument.plandata.dk/20_1124847_APPROVED_1233046021359.pdf,1,10,§8.2.3,Byrådet kan tillade indbygning af solfangere,0,null,null,Vindenergi ikke omtalt,0,null,null,Batterier ikke omtalt,0,null,null,Ingen tekniske energianlæg reguleret,0,null,null,Ingen anden regulering relevant for energianlæg,Planen indeholder ingen bestemmelser om energianlæg
338361,1988-08-22,Rønne,https://dokument.plandata.dk/20_1124839_APPROVED_1233045194484.pdf,0,null,null,Solenergi ikke omtalt,0,null,null,Vindenergi ikke omtalt,0,null,null,Batterier ikke omtalt,1,5,§5.2,Bestemmelser om almindelige forsyningsledninger,0,null,null,Ingen anden regulering relevant for energianlæg,Tekniske anlæg omtales kun i generel infrastrukturforstand
435031,1988-07-01,Rønne,https://dokument.plandata.dk/20_1124837_APPROVED_1233044821953.pdf,0,null,null,Solenergi ikke omtalt,0,null,null,Vindenergi ikke omtalt,0,null,null,Batterier ikke omtalt,0,null,null,Ingen tekniske energianlæg reguleret,0,null,null,Ingen anden regulering relevant for energianlæg,Ingen energirelaterede bestemmelser i planen
338364,1988-06-27,Rønne,https://dokument.plandata.dk/20_1124717_APPROVED_1232979769320.pdf,0,null,null,Solenergi ikke omtalt,0,null,null,Vindenergi ikke omtalt,0,null,null,Batterier ikke omtalt,1,9,§5.1,Regler om kloak- og ledningsanlæg,1,10,§7.1,Til tagdækning og andre byngningsdele må der ikke andvendes reflekterende materialer,Omhandler kun almindelig forsyningsinfrastruktur
338375,1987-01-14,Rønne,https://dokument.plandata.dk/20_1124831_APPROVED_1232981493679.pdf,0,null,null,Solenergi ikke omtalt,0,null,null,Vindenergi ikke omtalt,0,null,null,Batterier ikke omtalt,1,7,§4.1,Bestemmelser om parkerings- og forsyningsanlæg,0,null,null,Ingen anden regulering relevant for energianlæg,Ingen regulering af energiproducerende anlæg
338378,1986-09-30,Rønne,https://dokument.plandata.dk/20_1124714_APPROVED_1232978249312.pdf,0,null,null,Solenergi ikke omtalt,0,null,null,Vindenergi ikke omtalt,0,null,null,Batterier ikke omtalt,0,null,null,Ingen tekniske energianlæg reguleret,1,8,§7.2,Til udvendige bygningssider samt tagplader må ikke anvendes reflekterende materiale,Planen omhandler ridecenter uden energibestemmelser
562412,1986-05-26,Rønne,https://dokument.plandata.dk/20_1124711_APPROVED_1232977604750.pdf,0,null,null,Solenergi ikke omtalt,0,null,null,Vindenergi ikke omtalt,0,null,null,Batterier ikke omtalt,0,null,null,Ingen tekniske energianlæg reguleret,1,5,§4.2,Fredningsbestemmelser kan indirekte påvirke anlæg,Rekreativt område uden bestemmelser om energianlæg
514402,1986-05-26,Rønne,https://dokument.plandata.dk/20_1124630_APPROVED_1232962599296.pdf,0,null,null,Solenergi ikke omtalt,0,null,null,Vindenergi ikke omtalt,0,null,null,Batterier ikke omtalt,1,10,§5.1,Regler om transformatorstation og ledninger,0,null,null,Ingen anden regulering relevant for energianlæg,"Tekniske installationer omtalt, men ikke VE-anlæg"
434591,19890522,Rønne,https://dokument.plandata.dk/20_1124854_APPROVED_1233050151906.pdf,0,null,null,Solenergi ikke omtalt,0,null,null,Vindenergi ikke omtalt,0,null,null,Batterier ikke omtalt,1,9,Afsnit 3,Generelle regler om områdets anvendelse og tekniske installationer kan påvirke opsætning af energianlæg,1,10,Afsnit 6,"Planen indeholder generelle bestemmelser om bygningers ydre fremtræden, der kan påvirke opførelse af ydre anlæg","Tekniske installationer reguleres generelt, men ingen specifik omtale af vedvarende energianlæg"
338347,19891127,Rønne,https://dokument.plandata.dk/20_1124896_APPROVED_1233061584468.pdf,0,null,null,Solenergi ikke omtalt,0,null,null,Vindenergi ikke omtalt,0,null,null,Batterier ikke omtalt,1,6-7,Afsnit 6-7,Bestemmelser om bebyggelsens ydre fremtræden regulerer udvendige tekniske installationer,0,null,null,Ingen anden regulering relevant for energianlæg,Planen indeholder kun generelle regler om bygningers udseende uden specifikke energibestemmelser
433973,19900226,Rønne,https://dokument.plandata.dk/20_1124899_APPROVED_1233062125125.pdf,0,null,null,Solenergi ikke omtalt,0,null,null,Vindenergi ikke omtalt,0,null,null,Batterier ikke omtalt,1,7,Afsnit 7,Planen indeholder generelle bestemmelser om bygningers ydre fremtræden og tekniske installationer,0,null,null,Ingen anden regulering relevant for energianlæg,"Tekniske installationer reguleres generelt, men ingen specifik omtale af vedvarende energianlæg"
433235,19900528,Rønne,https://dokument.plandata.dk/20_1124897_APPROVED_1233061806453.pdf,0,null,null,Solenergi ikke omtalt,0,null,null,Vindenergi ikke omtalt,0,null,null,Batterier ikke omtalt,0,null,null,Ingen tekniske energianlæg reguleret,1,5,"Afsnit 6,9","Ny bebyggelse må ikke tages i brug, før bebyggelsen er tilsluttet et kollektivt varmeforsyningsanlæg efter byrådets anvisning (kan begrænse/udskyde egen selvforsyning), derudover er der regulationer på støjniveau og harmonisk ydre af bolig","Tekniske installationer reguleres (ledningsføring/antenner), og der er krav om tilslutning til kollektiv varmeforsyning, hvilket kan påvirke selvforsyning"
338343,19900730,Rønne,https://dokument.plandata.dk/20_1124898_APPROVED_1233061926515.pdf,0,null,null,Solenergi ikke omtalt,0,null,null,Vindenergi ikke omtalt,0,null,null,Batterier ikke omtalt,1,4,3.3,Inden for området kan opføres mindre bygninger til tekniske installationer ,0,null,null,Ingen anden regulering relevant for energianlæg,
338342,19900924,Rønne,https://dokument.plandata.dk/20_1124895_APPROVED_1233061321796.pdf,0,null,null,Solenergi ikke omtalt,0,null,null,Vindenergi ikke omtalt,0,null,null,Batterier ikke omtalt,0,null,null,Ingen tekniske energianlæg reguleret,1,8,6,"Planen indeholder generelle bestemmelser om bygningers ydre fremtræden, der kan påvirke opførelse af ydre anlæg",
498579,19910225,Rønne,https://dokument.plandata.dk/20_1124902_APPROVED_1233062948390.pdf,0,null,null,Solenergi ikke omtalt,0,null,null,Vindenergi ikke omtalt,0,null,null,Batterier ikke omtalt,0,null,null,Ingen tekniske energianlæg reguleret,1,5,6,"Planen indeholder generelle bestemmelser om bygningers ydre fremtræden, der kan påvirke opførelse af ydre anlæg",
338339,19910325,Rønne,https://dokument.plandata.dk/20_1124994_APPROVED_1233139781882.pdf,0,null,null,Solceller eller solfangere er ikke nævnt i lokalplanen.,0,null,null,Private vindmøller er ikke omtalt i lokalplanen.,0,null,null,Batterier eller energilagring er ikke reguleret i lokalplanen.,0,null,null,Der er ingen bestemmelser om tekniske anlæg med relevans for energiproduktion.,1,7,§4-§5,"Lokalplanen indeholder klassiske bestemmelser om bebyggelsens omfang, materialer og udformning, hvilket indirekte kan påvirke mulighederne for senere opsætning af solceller.","Lokalplanen indeholder ingen direkte regulering af sol, vind, batterier eller tekniske energianlæg, men almindelige krav til bygningers udseende kan indirekte have betydning."
434764,19910325,Rønne,https://dokument.plandata.dk/20_1124999_APPROVED_1233140597789.pdf,0,null,null,Solceller eller solfangere er ikke nævnt i lokalplanen.,0,null,null,Private vindmøller er ikke omtalt i lokalplanen.,0,null,null,Batterier eller energilagring er ikke reguleret i lokalplanen.,0,null,null,Der er ingen bestemmelser om tekniske anlæg med energimæssig relevans.,1,5-6,§5-§8,"Planen indeholder krav til bygningers udformning, materialer og placering, som indirekte kan påvirke installation af solceller.",Lokalplanen er af ældre dato og regulerer ikke vedvarende energi direkte. Kun generelle bestemmelser om bebyggelse kan have indirekte betydning.
338337,19910826,Rønne,https://dokument.plandata.dk/20_1124991_APPROVED_1233138840148.pdf,0,null,null,Solceller eller solfangere er ikke nævnt i lokalplanen.,0,null,null,Private vindmøller er ikke omtalt i lokalplanen.,0,null,null,Batterier eller energilagring er ikke reguleret i lokalplanen.,0,null,null,Der er ingen bestemmelser om tekniske anlæg med relevans for energiformål.,1,6,§6-§9,"Der stilles generelle krav til byggehøjder, materialer og bebyggelsens udtryk, hvilket indirekte kan påvirke mulighederne for solceller.","Lokalplanen indeholder ingen energirelaterede bestemmelser, men almindelige æstetiske krav kan have indirekte betydning for solcelleanlæg."
426630,19911028,Rønne,https://dokument.plandata.dk/20_1124889_APPROVED_1233051937265.pdf,0,null,null,Solceller eller solfangere er ikke nævnt i lokalplanen.,0,null,null,Private vindmøller er ikke omtalt i lokalplanen.,0,null,null,Batterier eller energilagring er ikke omtalt i lokalplanen.,1,4,§5.1–§5.2,"Der stilles krav om, at el-ledninger og belysning skal udføres som jordkabler, og der kan etableres nødvendige transformerstationer efter byrådets godkendelse.",1,4-5,§6–§7,"Der fastsættes krav til bebyggelsens omfang, taghældning (25–50 grader), materialer og ydre fremtræden, hvilket indirekte kan have betydning for opsætning af solceller.","Lokalplanen indeholder ingen direkte bestemmelser om vedvarende energi, men krav til jordkabler og til bygningers udseende kan indirekte påvirke mulighederne for solcelleanlæg."
338330,19920622,Rønne,https://dokument.plandata.dk/20_1124997_APPROVED_1233140389085.pdf,0,null,null,Der er ingen omtale af solceller eller solfangere i lokalplanen.,0,null,null,Der er ingen omtale af vindmøller i lokalplanen.,0,null,null,Batterier eller energilagring nævnes ikke i lokalplanen.,1,6,§6.1,Etablering af el-ledninger og belysning inden for området skal ske som jordkabler.,1,6-7,§7.1–§7.4,"Der stilles krav til materialevalg, bygningers udseende og landskabelig indpasning, som indirekte kan have betydning for placering af tekniske installationer som solceller.","Lokalplanen omhandler primært golfbane og rekreativt område og indeholder ingen direkte energirelaterede bestemmelser, men generelle krav til udseende og jordkabler kan have indirekte relevans."
562432,19920824,Rønne,https://dokument.plandata.dk/20_1124900_APPROVED_1233062327500.pdf,0,null,null,Solceller eller solfangere er ikke nævnt i lokalplanen.,0,null,null,Private vindmøller omtales ikke i lokalplanen.,0,null,null,Batterier eller andre energilagringsløsninger er ikke omtalt.,1,10,§10.1,Elledninger og belysning skal udføres som jordkabler og må ikke fremføres som luftledninger.,1,9,§7.1–§7.4,"Der fastsættes krav til tagflader, materialer og bygningers ydre fremtræden, herunder forbud mod blanke reflekterende materialer, hvilket indirekte kan have betydning for solcelleanlæg.","Lokalplanen regulerer ikke vedvarende energi direkte, men bestemmelser om jordkabler og om reflekterende materialer kan indirekte påvirke muligheder for solcelleinstallationer."
433660,19940627,Rønne,https://dokument.plandata.dk/20_1125320_APPROVED_1233238457890.pdf,0,null,null,Solceller og solfangere omtales ikke i lokalplanen.,0,null,null,Der er ingen bestemmelser vedrørende private vindmøller.,0,null,null,Batterier eller energilagring nævnes ikke i dokumentet.,0,null,null,Der findes ingen paragraffer om tekniske anlæg med energimæssig relevans.,1,6,§7.1–§7.2,"Lokalplanen fastsætter krav til bygningers udseende, materialer og tagudformning, hvilket indirekte kan have betydning for eventuel opsætning af solceller.",Planen indeholder ingen direkte bestemmelser om vedvarende energi. Kun generelle krav til bebyggelsens fremtræden kan have indirekte relevans.
433450,19951127,Rønne,https://dokument.plandata.dk/20_1125322_APPROVED_1257500347193.pdf,0,null,null,Der er ingen omtale af solceller eller solfangere i lokalplanen.,0,null,null,Vindmøller eller andre former for vindenergi nævnes ikke.,0,null,null,Batterier eller energilagring er ikke behandlet i lokalplanen.,0,null,null,Lokalplanen indeholder ingen bestemmelser om tekniske anlæg med relevans for energiproduktion.,1,7,§6.1–§6.3,"Der stilles krav til bygningers materialer, farver og ydre fremtræden samt forbud mod visse reflekterende materialer, hvilket indirekte kan have betydning for placering af solceller.",Lokalplanen regulerer et hospitalsområde og indeholder ingen energirelaterede bestemmelser. Kun æstetiske krav kan indirekte påvirke solcelleanlæg.
338316,19960226,Rønne,https://dokument.plandata.dk/20_1126474_APPROVED_1233564074265.pdf,0,null,null,Solceller eller solfangere er ikke nævnt i lokalplanens bestemmelser.,0,null,null,Private vindmøller er ikke omtalt i lokalplanen.,0,null,null,Batterier eller andre energilagringsløsninger er ikke nævnt.,0,null,null,Der findes ingen bestemmelser om tekniske anlæg med energirelateret relevans i lokalplanen.,1,5,§6.1–§7.1,"Der stilles krav til bebyggelsens ydre fremtræden, materialer og udformning samt til ubebyggede arealers udseende, hvilket indirekte kan have betydning for muligheden for senere opsætning af solceller.",Lokalplanen indeholder ingen direkte regulering af vedvarende energi. Kun generelle krav til bygningers udformning kan have indirekte betydning.
338315,19960226,Rønne,https://dokument.plandata.dk/20_1126475_APPROVED_1233565545578.pdf,0,null,null,Solceller eller solfangere er ikke nævnt i lokalplanen.,0,null,null,Der er ingen bestemmelser om vindmøller.,0,null,null,Batterier eller energilagring omtales ikke.,0,null,null,Der findes ingen bestemmelser om tekniske anlæg med energimæssig relevans.,0,null,null,Lokalplanen indeholder ingen øvrige regler med betydning for energianlæg.,Lokalplanen regulerer bevaring og plejehjemsbebyggelse og indeholder ingen energirelaterede bestemmelser.
527181,19960629,Rønne,https://dokument.plandata.dk/20_1126479_APPROVED_1233566673937.pdf,0,null,null,Solceller eller solfangere er ikke omtalt i lokalplanen.,0,null,null,Vindmøller nævnes ikke i lokalplanen.,0,null,null,Der er ingen omtale af batterier eller energilagring.,0,null,null,Planen indeholder ingen bestemmelser om tekniske anlæg med energirelevans.,0,null,null,Der findes ingen øvrige bestemmelser med betydning for energiproduktion.,Lokalplanen omhandler alene udvidelse af golfbane og indeholder ingen energirelaterede bestemmelser.
338306,19971215,Rønne,https://dokument.plandata.dk/20_1126481_APPROVED_1233567308234.pdf,0,null,null,Solceller eller solfangere nævnes ikke i lokalplanen.,0,null,null,Private vindmøller omtales ikke i lokalplanen.,0,null,null,Batterier eller energilagring er ikke nævnt.,0,null,null,Der findes ingen bestemmelser om tekniske anlæg med relevans for energiproduktion.,0,null,null,Der er ingen øvrige bestemmelser med direkte relevans for energianlæg.,Lokalplanen omhandler udelukkende affaldsdeponi og regulerer ikke energirelaterede forhold.
338301,19981123,Rønne,https://dokument.plandata.dk/20_1126484_APPROVED_1233568899828.pdf,,,,,,,,,,,,,,,,,,,,,
527175,19981123,Rønne,https://dokument.plandata.dk/20_1126483_APPROVED_1233568657234.pdf,,,,,,,,,,,,,,,,,,,,,
434302,19990927,Rønne,https://dokument.plandata.dk/20_1126487_APPROVED_1233569944687.pdf,,,,,,,,,,,,,,,,,,,,,
527178,20010226,Rønne,https://dokument.plandata.dk/20_1145839_APPROVED_1236871371494.pdf,,,,,,,,,,,,,,,,,,,,,
338292,20010326,Rønne,https://dokument.plandata.dk/20_1122278_APPROVED_1232094518061.pdf,,,,,,,,,,,,,,,,,,,,,
338290,20010423,Rønne,https://dokument.plandata.dk/20_1126492_APPROVED_1233578764265.pdf,,,,,,,,,,,,,,,,,,,,,
442813,20010528,Rønne,https://dokument.plandata.dk/20_1126625_APPROVED_1233738890484.pdf,,,,,,,,,,,,,,,,,,,,,
433069,20010614,Rønne,https://dokument.plandata.dk/20_1123151_APPROVED_1232703497304.pdf,,,,,,,,,,,,,,,,,,,,,
433911,20010917,Rønne,https://dokument.plandata.dk/20_1126498_APPROVED_1233585309250.pdf,,,,,,,,,,,,,,,,,,,,,
433730,20020128,Rønne,https://dokument.plandata.dk/20_1126633_APPROVED_1233740497718.pdf,,,,,,,,,,,,,,,,,,,,,
338279,20020624,Rønne,https://dokument.plandata.dk/20_1126636_APPROVED_1233741011312.pdf,,,,,,,,,,,,,,,,,,,,,
433164,20020624,Rønne,https://dokument.plandata.dk/20_1126635_APPROVED_1233740828328.pdf,,,,,,,,,,,,,,,,,,,,,
338266,20050127,Rønne,https://dokument.plandata.dk/20_1125006_APPROVED_1233141164789.pdf,,,,,,,,,,,,,,,,,,,,,
433885,20050630,Rønne,https://dokument.plandata.dk/20_1126693_APPROVED_1233754409125.pdf,,,,,,,,,,,,,,,,,,,,,
431300,20060326,Rønne,https://dokument.plandata.dk/20_1126772_APPROVED_1233827984234.pdf,,,,,,,,,,,,,,,,,,,,,
435180,20060328,Rønne,https://dokument.plandata.dk/20_1126777_APPROVED_1233828604500.pdf,,,,,,,,,,,,,,,,,,,,,
422987,20060831,Rønne,https://dokument.plandata.dk/20_1126855_APPROVED_1233840012843.pdf,,,,,,,,,,,,,,,,,,,,,
429060,20061012,Rønne,https://dokument.plandata.dk/20_1126780_APPROVED_1365498161210.pdf,,,,,,,,,,,,,,,,,,,,,
433508,20090326,Rønne,https://dokument.plandata.dk/20_1117825_APPROVED_1238657909102.pdf,,,,,,,,,,,,,,,,,,,,,
434843,20091008,Rønne,https://dokument.plandata.dk/20_1183212_APPROVED_1257498087595.pdf,,,,,,,,,,,,,,,,,,,,,
442885,20091126,Rønne,https://dokument.plandata.dk/20_1221437_APPROVED_1291372106345.pdf,,,,,,,,,,,,,,,,,,,,,
338237,20100826,Rønne,https://dokument.plandata.dk/20_1359258_APPROVED_1283241287277.pdf,,,,,,,,,,,,,,,,,,,,,
423762,20101014,Rønne,https://dokument.plandata.dk/20_1360471_APPROVED_1287393904480.pdf,,,,,,,,,,,,,,,,,,,,,
338234,20101014,Rønne,https://dokument.plandata.dk/20_1359952_APPROVED_1287742222260.pdf,,,,,,,,,,,,,,,,,,,,,
433890,20101125,Rønne,https://dokument.plandata.dk/20_1363686_APPROVED_1293025841822.pdf,,,,,,,,,,,,,,,,,,,,,
338232,20101125,Rønne,https://dokument.plandata.dk/20_1363685_APPROVED_1292833339939.pdf,,,,,,,,,,,,,,,,,,,,,
338229,20110127,Rønne,https://dokument.plandata.dk/20_1366993_APPROVED_1296485657115.pdf,,,,,,,,,,,,,,,,,,,,,
507278,20110630,Rønne,https://dokument.plandata.dk/20_1372406_1624622591645.pdf,,,,,,,,,,,,,,,,,,,,,
426425,20120301,Rønne,https://dokument.plandata.dk/20_1425422_APPROVED_1331037511473.pdf,,,,,,,,,,,,,,,,,,,,,
338220,20120329,Rønne,https://dokument.plandata.dk/20_1456357_APPROVED_1334732497860.pdf,,,,,,,,,,,,,,,,,,,,,
338218,20121220,Rønne,https://dokument.plandata.dk/20_1482643_APPROVED_1357813563754.pdf,,,,,,,,,,,,,,,,,,,,,
433966,20130404,Rønne,https://dokument.plandata.dk/20_1793679_APPROVED_1365493048556.pdf,,,,,,,,,,,,,,,,,,,,,
434935,20140424,Rønne,https://dokument.plandata.dk/20_2746969_1398412540377.pdf,,,,,,,,,,,,,,,,,,,,,
426579,20150226,Rønne,https://dokument.plandata.dk/20_2964970_1426147441507.pdf,,,,,,,,,,,,,,,,,,,,,
457164,20191007,Rønne,https://dokument.plandata.dk/20_9654888_1572352790551.pdf,,,,,,,,,,,,,,,,,,,,,
457156,20191010,Rønne,https://dokument.plandata.dk/20_9654909_1572352303179.pdf,,,,,,,,,,,,,,,,,,,,,
463443,20191120,Rønne,https://dokument.plandata.dk/20_9680967_1576586198464.pdf,,,,,,,,,,,,,,,,,,,,,
476534,20200311,Rønne,https://dokument.plandata.dk/20_9704477_1587983579219.pdf,,,,,,,,,,,,,,,,,,,,,
590001,20200903,Rønne,https://dokument.plandata.dk/20_9732858_1718873928388.pdf,,,,,,,,,,,,,,,,,,,,,
507174,20210624,Rønne,https://dokument.plandata.dk/20_10695238_1624600298843.pdf,,,,,,,,,,,,,,,,,,,,,
534752,20220428,Rønne,https://dokument.plandata.dk/20_10907131_1655197641974.pdf,,,,,,,,,,,,,,,,,,,,,
535010,20220428,Rønne,https://dokument.plandata.dk/20_10914840_1655291872687.pdf,,,,,,,,,,,,,,,,,,,,,
609423,20230510,Rønne,https://dokument.plandata.dk/20_11131624_1684224014116.pdf,,,,,,,,,,,,,,,,,,,,,
576538,20231130,Rønne,https://dokument.plandata.dk/20_11252157_1701411399247.pdf,,,,,,,,,,,,,,,,,,,,,
577608,20231213,Rønne,https://dokument.plandata.dk/20_11271407_1702626205321.pdf,,,,,,,,,,,,,,,,,,,,,
338434,1976-09-09,Nexø,https://dokument.plandata.dk/20_1128591_APPROVED_1234170058582.pdf,0,null,null,"Der er ingen bestemmelser i lokalplanen, som specifikt nævner solceller eller solfangere.",0,null,null,Private vindmøller er ikke nævnt eller reguleret i lokalplanen.,0,null,null,Batterier eller energilagring er ikke omtalt i lokalplanen.,0,null,null,Der er ingen eksplicitte bestemmelser om tekniske anlæg som fx transformere eller forsyningsanlæg.,1,3,§6.1,"Bygningers ydre fremtræden reguleres, og materialer må ikke virke skæmmende efter kommunalbestyrelsens skøn.","Lokalplanen indeholder ingen direkte regler om sol, vind eller batterier, men krav til bygningers ydre fremtræden kan indirekte påvirke muligheden for solceller."
338422,1979-06-12,Nexø,https://dokument.plandata.dk/20_1122492_APPROVED_1232360253406.pdf,0,null,null,Solceller eller solfangere er ikke nævnt i lokalplanen.,0,null,null,Private vindmøller er ikke omtalt i lokalplanen.,0,null,null,Batterier eller energilagring er ikke reguleret i lokalplanen.,1,9,§6.1,Tekniske anlæg som ledninger til vejbelysning skal udføres som jordkabler.,1,10,§8.1–8.2,"Der stilles krav til tagform, taghældning, materialer og bygningers ydre fremtræden, hvilket indirekte kan påvirke solceller.","Lokalplanen regulerer ikke sol, vind eller batterier direkte, men tekniske anlæg og bygningers udformning kan indirekte begrænse solceller."
338423,1979-06-12,Nexø,https://dokument.plandata.dk/20_1122535_APPROVED_1232370569156.pdf,0,null,null,Solceller eller solfangere er ikke nævnt i lokalplanen.,0,null,null,Private vindmøller er ikke omtalt i lokalplanen.,0,null,null,Batterier eller energilagring er ikke reguleret i lokalplanen.,1,6,§5.1,"Der er bestemmelser om ledningsanlæg og hovedvandledning, som skal sikres eller omlægges efter vandforsyningens forskrifter.",1,7,§7.1,"Der stilles krav til bygningers ydre fremtræden, herunder materialer, farver, skiltning og belysning, hvilket indirekte kan påvirke solceller.","Lokalplanen regulerer ikke sol, vind eller batterier direkte, men tekniske ledningsanlæg samt krav til bygningers ydre fremtræden kan indirekte begrænse solceller."
442875,1982-06-22,Nexø,https://dokument.plandata.dk/20_1122515_APPROVED_1232364872500.pdf,0,null,null,Solceller eller solfangere er ikke nævnt i lokalplanen.,0,null,null,Private vindmøller er ikke omtalt i lokalplanen.,0,null,null,Batterier eller energilagring er ikke reguleret i lokalplanen.,1,8,§4.1–§5.1,"Tekniske anlæg som kajanlæg, veje, kloak og pumpestationer er reguleret, herunder krav til placering og udførelse.",1,9,§7.1,"Der stilles krav til bygningers ydre fremtræden, herunder tagmaterialer og facadeudtryk, hvilket indirekte kan påvirke solceller.","Lokalplanen regulerer ikke sol, vind eller batterier direkte, men tekniske anlæg og æstetiske krav til bygninger kan indirekte begrænse solceller."
498582,1983-04-12,Nexø,https://dokument.plandata.dk/20_1122617_APPROVED_1232445478171.pdf,0,null,null,Solceller eller solfangere er ikke nævnt i lokalplanen.,0,null,null,Private vindmøller er ikke omtalt i lokalplanen.,0,null,null,Batterier eller energilagring er ikke reguleret i lokalplanen.,1,9,§6.1–§6.3,"Ledningsanlæg, el-, telefon- og TV-kabler skal udføres som jordkabler, og der stilles krav om fællesantenneanlæg.",1,10,§7.1–§8.2,"Der stilles detaljerede krav til taghældning, tagmaterialer, facadeudtryk og by",
338392,1984-05-22,Nexø,https://dokument.plandata.dk/20_1122599_APPROVED_1232443170515.pdf,0,null,null,Solceller eller solfangere er ikke nævnt i lokalplanen.,0,null,null,Private vindmøller er ikke omtalt i lokalplanen.,0,null,null,Batterier eller energilagring er ikke reguleret i lokalplanen.,1,8,§5.1,Ledningsanlæg og forsyningsanlæg kan etableres inden for området i forbindelse med golfbanedrift og landbrug.,1,7,§7.1–§7.2,Byggeri er stærkt begrænset og kun tilladt i form af ombygning af eksisterende bygninger; der stilles krav til ydre fremtræden og hens,
433724,1986-10-28,Nexø,https://dokument.plandata.dk/20_1122659_APPROVED_1232459526078.pdf,0,null,null,Solceller eller solfangere er ikke nævnt i lokalplanen.,0,null,null,Private vindmøller er ikke omtalt i lokalplanen.,0,null,null,Batterier eller energilagring er ikke reguleret i lokalplanen.,1,10,§6.1–§6.3,"Ledningsanlæg, el-, telefon- og TV-kabler skal udføres som jordkabler, og fællesantenneanlæg kan kræves.",1,11,§7.1–§8.4,"Der stilles detaljerede krav til bebyggelsens ydre fremtræden, herunder taghældning, tagmaterialer, facader og skiltning, hvilket indirekte kan påvirke solceller.","Lokalplanen regulerer ikke sol, vind eller batterier direkte, men tekniske installationer og omfattende æstetiske krav kan indirekte begrænse solceller."
421452,1987-01-22,Nexø,https://dokument.plandata.dk/20_1123061_APPROVED_1232535220015.pdf,0,null,null,Solceller eller solfangere er ikke nævnt i lokalplanen.,0,null,null,Private vindmøller er ikke omtalt i lokalplanen.,0,null,null,Batterier eller energilagring er ikke reguleret i lokalplanen.,1,6,§6.1–§6.4,"El-ledninger samt telefon- og TV-kabler skal udføres som jordkabler, og fællesantenneanlæg kan kræves.",1,7,§7.1–§8.3,"Der stilles krav til taghældning, tagmaterialer, facader, hegn og bebyggelsens ydre fremtræden, hvilket indirekte kan påvirke solceller.","Lokalplanen regulerer ikke sol, vind eller batterier direkte, men tekniske installationer og krav t"
424113,1987-03-31,Nexø,https://dokument.plandata.dk/20_1122665_APPROVED_1232461286656.pdf,0,null,null,Solceller eller solfangere er ikke nævnt i lokalplanen.,0,null,null,Private vindmøller er ikke omtalt i lokalplanen.,0,null,null,Batterier eller energilagring er ikke reguleret i lokalplanen.,1,6,§6.1–§6.6,Der stilles krav om jordkabler og mulighed for etablering af nødvendige transformerstationer efter kommunalbestyrelsens godkendelse.,1,7,§6.4–§6.6,"Der stilles krav til taghældning (40–50°), tagmaterialer og placering af kviste og ovenlys, hvilket indirekte kan begrænse solceller.","Lokalplanen regulerer ikke sol, vind eller batterier direkte, men tekniske installationer og faste tagkrav kan indirekte begrænse solceller."
595530,1987-12-08,Nexø,https://dokument.plandata.dk/20_1123130_1727265939828.pdf,0,null,null,Solceller eller solfangere er ikke nævnt i lokalplanen.,0,null,null,Private vindmøller er ikke omtalt i lokalplanen.,0,null,null,Batterier eller energilagring er ikke reguleret i lokalplanen.,1,10,§6.1–§6.3,"Elnedføringer, herunder belysning, skal udføres som jordkabler, og der kan etableres transformerstationer efter kommunal godkendelse.",1,10,§8.1–§8.4,"Der stilles krav til facader, materialer, farver og tagudformning, hvilket indirekte kan påvirke solceller.","Lokalplanen regulerer ikke VE direkte, men tekniske anlæg og æstetiske krav kan indirekte begrænse solceller."
422433,1987-12-08,Nexø,https://dokument.plandata.dk/20_1123125_APPROVED_1232636889906.pdf,0,null,null,Solceller eller solfangere er ikke nævnt i lokalplanen.,0,null,null,Private vindmøller er ikke omtalt i lokalplanen.,0,null,null,Batterier eller energilagring er ikke reguleret i lokalplanen.,1,7,§6.6,"Der kan etableres transformerstationer, der er nødvendige for områdets elforsyning, efter kommunalbestyrelsens godkendelse.",1,7,§6.4–§6.5,"Der stilles krav til taghældning (40–50°) og tagformer, hvilket indirekte kan begrænse solceller.","Lokalplanen regulerer ikke sol, vind eller batterier direkte, men fastlægger stramme tagkrav og tekniske installationer, som kan begrænse solceller."
433774,1988-11-10,Nexø,https://dokument.plandata.dk/20_1124619_APPROVED_1232958117812.pdf,0,null,null,Solceller eller solfangere er ikke nævnt i lokalplanen.,0,null,null,Private vindmøller er ikke omtalt i lokalplanen.,0,null,null,Batterier eller energilagring er ikke reguleret i lokalplanen.,1,12,§6.1,"El-ledninger, herunder belysning, må ikke udføres som luftledninger, men skal udføres som jordkabler.",1,12–13,§7.1–§8.3,"Der stilles detaljerede krav til bygningers placering, højde, taghældning (45–55°), materialer og ydre fremtræden; solfangere kan etableres på tag efter reglerne.","Lokalplanen regulerer ikke sol, vind eller batterier direkte, men stiller stramme krav til bygningers udformning og tekniske installationer, som kan påvirke solceller."
421604,1988-12-13,Nexø,https://dokument.plandata.dk/20_1123129_APPROVED_1232637470718.pdf,0,null,null,Solceller eller solfangere er ikke nævnt i lokalplanen.,0,null,null,Private vindmøller er ikke omtalt i lokalplanen.,0,null,null,Batterier eller energilagring er ikke reguleret i lokalplanen.,1,12,§6.1–§6.3,"El-ledninger og telefonledninger må ikke udføres som luftledninger, men alene som jordkabler; transformerstationer kan etableres efter kommunalbestyrelsens godkendelse.",1,12–13,§7.4–§8.2,"Der fastsættes krav til taghældning (45–55°), facadehøjder, materialer og farver samt begrænsninger i udhuse og carporte, hvilket indirekte kan påvirke solceller.","Lokalplanen indeholder ingen direkte VE-regler, men tekniske installationer og omfattende krav til bygningers udformning kan indirekte begrænse solceller."
433595,1989-02-14,Nexø,https://dokument.plandata.dk/20_1123146_APPROVED_1232699935710.pdf,0,null,null,Solceller eller solfangere er ikke nævnt i lokalplanen.,0,null,null,Private vindmøller er ikke omtalt i lokalplanen.,0,null,null,Batterier eller energilagring er ikke reguleret i lokalplanen.,1,10,§6.1,"El-ledninger, herunder ledninger til vejbelysning, må ikke udføres som luftledninger, men alene som jordkabler.",1,11–12,§7.1–§8.3,"Der stilles krav til bebyggelsesprocenter, bygningers højde, tagmaterialer, facader, hegn og belysning, hvilket indirekte kan påvirke solceller.","Lokalplanen regulerer ikke sol, vind eller batterier direkte, men tekniske anlæg og æstetiske krav kan indirekte begrænse solceller."
591825,1989-02-14,Nexø,https://dokument.plandata.dk/20_1122531_1719917527882.pdf,0,null,null,Solceller eller solfangere er ikke specifikt nævnt i lokalplanen.,0,null,null,Private vindmøller er ikke omtalt i lokalplanen.,0,null,null,Batterier eller energilagring er ikke reguleret i lokalplanen.,0,null,null,Der er ingen særskilte bestemmelser om tekniske anlæg som transformere eller forsyningsanlæg.,1,10–11,Generelle bevaringsbestemmelser,"Lokalplanen fastlægger omfattende bevaringskrav for bygninger og bymiljøer; ændringer kræver godkendelse og skal tilpasses eksisterende arkitektur, hvilket indirekte kan begrænse solceller.","Lokalplanen er bevarende og indeholder omfattende krav til bygningers udformning og ændringer, som indirekte kan begrænse solceller."
435440,1989-11-14,Nexø,https://dokument.plandata.dk/20_1123152_APPROVED_1232703883273.pdf,0,null,null,Solceller eller solfangere er ikke nævnt i lokalplanen.,0,null,null,Private vindmøller er ikke omtalt i lokalplanen.,0,null,null,Batterier eller energilagring er ikke reguleret i lokalplanen.,0,null,null,Der er ingen specifikke bestemmelser om tekniske anlæg eller forsyningsinstallationer.,1,8,§7.1–§7.2,"Der stilles krav til bygningers ydre fremtræden, herunder proportioner, materialer, skilte og reklamer, hvilket indirekte kan påvirke solceller.","Lokalplanen regulerer ikke VE direkte, men stiller krav til bygningers udformning og bevaring, som kan begrænse solceller."
590753,1990-05-08,Nexø,https://dokument.plandata.dk/20_1123111_APPROVED_1232624610828.pdf,0,null,null,Solceller eller solfangere er ikke nævnt i lokalplanen.,0,null,null,Private vindmøller er ikke omtalt i lokalplanen.,0,null,null,Batterier eller energilagring er ikke reguleret i lokalplanen.,1,15,§6.1–§6.3,"Ledningsanlæg skal udføres som jordkabler, og der kan etableres fællesantenneanlæg og tekniske installationer.",1,16–17,§8.1–§8.9,"Der stilles detaljerede krav til facader, tage, materialer, farver, hegn og skiltning, hvilket indirekte kan påvirke solceller.","Lokalplanen regulerer ikke sol, vind eller batterier direkte, men tekniske installationer og omfattende æstetiske krav kan indirekte begrænse solceller."
434341,1990-10-09,Nexø,https://dokument.plandata.dk/20_1124618_APPROVED_1232957919703.pdf,0,null,null,Solceller eller solfangere er ikke specifikt reguleret i lokalplanen.,0,null,null,Private vindmøller er ikke omtalt i lokalplanen.,0,null,null,Batterier eller energilagring er ikke direkte reguleret i lokalplanen.,0,null,null,Der er ingen generelle bestemmelser om tekniske anlæg som transformere eller forsyningsledninger i lokalplanens bestemmelser.,1,18–20,Generelle bestemmelser og redegørelse,"Lokalplanen er stærkt funktions- og bevaringsorienteret med fokus på økologisk byggeri og landskabshensyn; bygningers udformning og placering er nøje reguleret, hvilket indirekte kan begrænse solceller.","Lokalplanen regulerer ikke VE direkte, men stiller omfattende krav til byggeri, landskab og bevaring, som indirekte kan begrænse solceller."
591817,1993-06-29,Nexø,https://dokument.plandata.dk/20_1124622_1719916793801.pdf,0,null,null,Solceller eller solfangere er ikke nævnt i lokalplanens bestemmelser.,0,null,null,Private vindmøller er ikke omtalt i lokalplanen.,0,null,null,Batterier eller energilagring er ikke reguleret i lokalplanen.,1,12,§6.1,"El-ledninger må ikke fremføres som luftledninger, men skal udføres som jordkabler; transformerstationer kan tillades, hvis nødvendigt for områdets forsyning.",1,12–13,§8.1–§8.3,"Der stilles krav til bygningers ydre fremtræden, herunder farver, tagmaterialer og forbud mod blanke og reflekterende materialer, hvilket indirekte kan påvirke solceller.","Lokalplanen regulerer ikke sol, vind eller batterier direkte, men tekniske anlæg og æ"
338324,1994-09-13,Nexø,https://dokument.plandata.dk/20_1124624_APPROVED_1232959838062.pdf,0,null,null,Solceller eller solfangere er ikke nævnt i lokalplanen.,0,null,null,Private vindmøller er ikke omtalt i lokalplanen.,0,null,null,Batterier eller energilagring er ikke reguleret i lokalplanen.,1,7,§6.1–§6.2,"El-ledninger skal udføres som jordkabler, og der kan etableres transformerstationer efter kommunalbestyrelsens tilladelse.",1,7–8,§8.1–§8.3,"Der stilles krav til facader og tage, herunder farver, materialer og forbud mod reflekterende overflader, hvilket indirekte kan begrænse solceller.","Lokalplanen indeholder ingen direkte VE-bestemmelser, men tekniske installationer og stramme æstetiske krav kan indirekte begrænse solceller."
421855,1995-06-13,Nexø,https://dokument.plandata.dk/20_1124629_APPROVED_1232960745171.pdf,0,null,null,Solceller eller solfangere er ikke omtalt i lokalplanen.,0,null,null,Private vindmøller er ikke reguleret i lokalplanen.,0,null,null,Batterier eller energilagring er ikke omtalt i lokalplanen.,1,8–9,§6.1,"Ledningsanlæg skal udføres som jordledninger, og tekniske anlæg må etableres som nødvendige for drift af biogasanlægget.",1,9,§7.1–§8.4,"Der stilles krav til bebyggelsens placering, højde, materialer samt forbud mod reflekterende materialer, hvilket indirekte kan påvirke solceller.","Lokalplanen omhandler et teknisk anlæg (biogasanlæg) og regulerer ikke VE direkte, men stiller krav til tekniske installationer og materialer, som kan have indirekte betydning for solceller."
338319,1995-10-10,Nexø,https://dokument.plandata.dk/20_1124712_APPROVED_1232977981015.pdf,0,null,null,Solceller er ikke reguleret i lokalplanen.,1,5–6,§3.1–§3.6,"Lokalplanen fastlægger udpegede områder for opstilling af større vindmøller, herunder antal, højde, afstande og støjkrav.",0,null,null,Batterier eller energilagring er ikke omtalt i lokalplanen.,0,null,null,Der er ingen generelle bestemmelser om tekniske anlæg udover vindmøller.,1,12–15,Landskabs- og miljøbestemmelser,"Der stilles omfattende krav til landskabelig indpasning, afstand til boliger, støj, skyggekast og beskyttelseszoner, som er centrale for vindmølleplacering.",Lokalplanen regulerer vindmøller detaljeret og udgør en direkte planmæssig ramme for privat og større vindproduktion.
376730,1998-01-06,Nexø,https://dokument.plandata.dk/20_1124713_APPROVED_1232977983859.pdf,0,null,null,Solceller eller solfangere er ikke nævnt i lokalplanen.,0,null,null,Private vindmøller er ikke omtalt i lokalplanen.,0,null,null,Batterier eller energilagring er ikke reguleret i lokalplanen.,1,8,§6.1,"Ledninger skal udføres som jordledninger, og parabolantenner må kun opsættes, hvis de ikke virker skæmmende for området.",1,8,§8.1–§8.2,"Der stilles krav til facader, tage og materialer samt forbud mod blanke og reflekterende overflader, hvilket indirekte kan påvirke solceller.","Lokalplanen regulerer ikke VE direkte, men tekniske installationer og æstetiske krav kan indirekte begrænse solceller."
338297,1999-11-09,Nexø,https://dokument.plandata.dk/20_1124715_APPROVED_1232978677062.pdf,0,null,null,Solceller eller solfangere er ikke nævnt i lokalplanens bestemmelser.,0,null,null,Private vindmøller er ikke omtalt i lokalplanen.,0,null,null,Batterier eller energilagring er ikke reguleret i lokalplanen.,1,7,§6.1–§6.3,"Der kan etableres transformerstationer til områdets forsyning, el-ledninger skal udføres som jordkabler, og parabolantenner kræver tilladelse.",1,7–8,§8.1–§8.5,"Stramme krav til bygningers ydre: saddeltag, røde vingetegl, dæmpede farver og godkendelse af alle udvendige ændringer; dette kan indirekte begrænse solceller.","Lokalplanen regulerer ikke VE direkte, men tekniske anlæg og meget stramme æstetiske krav kan indirekte begrænse solceller."
435183,2001-04-17,Nexø,https://dokument.plandata.dk/20_1124716_APPROVED_1232979343125.pdf,0,null,null,Solceller eller solfangere er ikke specifikt omtalt i lokalplanen.,0,null,null,Private vindmøller er ikke reguleret i lokalplanen.,0,null,null,Batterier eller energilagring er ikke omtalt i lokalplanen.,1,7–8,§6.1–§6.2,Der kan etableres transformerstationer og andre tekniske anlæg nødvendige for områdets forsyning; el-ledninger skal udføres som jordkabler.,1,8–9,§8.1–§8.3,Bygningers materialer og farver skal tilpasses eksisterende arkitektur og fredede bygninger; kravene kan indirekte påvirke solceller.,"Lokalplanen regulerer ikke sol, vind eller batterier direkte, men tekniske anlæg og bevarings- og æstetiske hensyn kan indirekte begrænse solceller."
338286,2001-08-14,Nexø,https://dokument.plandata.dk/20_1124830_APPROVED_1232981275742.pdf,0,null,null,Solceller eller solfangere er ikke nævnt i lokalplanen.,0,null,null,Private vindmøller er ikke omtalt i lokalplanen.,0,null,null,Batterier eller energilagring er ikke reguleret i lokalplanen.,0,null,null,Der er ingen særskilte bestemmelser om tekniske anlæg som transformere i lokalplanens bestemmelser.,1,5,§8.1–§8.4,"Alle udvendige ændringer kræver kommunalbestyrelsens tilladelse; facader og tage er stramt reguleret (bl.a. røde vingetegl), hvilket kan indirekte begrænse solceller.","Lokalplanen regulerer ikke VE direkte, men meget stramme krav til bygningers ydre fremtræden kan indirekte begrænse solceller."
338285,2001-08-14,Nexø,https://dokument.plandata.dk/20_1124836_APPROVED_1233044132468.pdf,0,null,null,Solceller eller solfangere er ikke nævnt i lokalplanens bestemmelser.,0,null,null,Private vindmøller er ikke omtalt i lokalplanen.,0,null,null,Batterier eller energilagring er ikke reguleret i lokalplanen.,1,5–6,§6.1,Kabler skal udføres som jordkabler; antenne- og parabolanlæg kræver kommunalbestyrelsens tilladelse og skal udføres som fællesanlæg.,1,6,§7.5–§8.3,"Der stilles krav til taghældning (25–50°), tagmaterialer (bl.a. røde vingetegl/tagpap) og facader i dæmpede farver, hvilket indirekte kan begrænse solceller.","Lokalplanen regulerer ikke VE direkte, men tekniske installationer og faste krav til tage og facader kan indirekte begrænse solceller."
591813,2002-10-08,Nexø,https://dokument.plandata.dk/20_1124844_1719916363881.pdf,0,null,null,Solceller eller solfangere er ikke nævnt i lokalplanen.,0,null,null,Private vindmøller er ikke omtalt i lokalplanen.,0,null,null,Batterier eller energilagring er ikke reguleret i lokalplanen.,1,8,§6.1,Kabler skal udføres som jordkabler; antenne- og parabolanlæg kræver tilladelse og skal udføres som fællesanlæg.,1,8–9,§7.1–§8.4,"Der stilles krav til bebyggelsesprocent, bygningshøjde, taghældning (25–50°) og tagmaterialer, hvilket indirekte kan påvirke solceller.","Lokalplanen regulerer ikke sol, vind eller batterier direkte, men tekniske anlæg og faste tagkrav kan indirekte begrænse solceller."
426657,2002-12-10,Nexø,https://dokument.plandata.dk/20_1124841_APPROVED_1233045470171.pdf,0,null,null,Solceller eller solfangere er ikke direkte nævnt i lokalplanen.,0,null,null,Private vindmøller er ikke omtalt i lokalplanen.,0,null,null,Batterier eller energilagring er ikke reguleret i lokalplanen.,1,13–14,§6.1–§6.2,El- og TV-ledninger skal udføres som jordkabler; der kan etableres transformerstationer og andre tekniske anlæg nødvendige for områdets forsyning.,1,14–15,§8.1–§8.3,"Meget detaljerede krav til bygningers arkitektur, materialer og forbud mod reflekterende tagmaterialer, hvilket indirekte kan begrænse solceller.","Lokalplanen omfatter et større centeranlæg og regulerer ikke VE direkte, men stramme krav til materialer og ikke-reflekterende tage kan indirekte begrænse solceller."
415432,2002-12-10,Nexø,https://dokument.plandata.dk/20_1124850_1554278184778.pdf,0,null,null,Solceller eller solfangere er ikke nævnt i lokalplanens bestemmelser.,0,null,null,Private vindmøller er ikke reguleret i lokalplanen.,0,null,null,Batterier eller energilagring er ikke omtalt i lokalplanen.,1,21,§6,Tekniske anlæg for havnedrift kan etableres; ledningsanlæg hører under tekniske anlæg og reguleres samlet.,1,24,§8,"Bebyggelsens ydre fremtræden er reguleret mht. materialer, skiltning og visuelle hensyn i havneområdet, hvilket indirekte kan påvirke solceller.","Lokalplanen regulerer ikke VE direkte, men tekniske havneanlæg og krav til bygningers udformning kan indirekte begrænse solceller."
434149,2007-08-30,Nexø,https://dokument.plandata.dk/20_1039914_APPROVED_1373274585153.pdf,0,null,null,Solceller eller solfangere er ikke omtalt i lokalplanen.,0,null,null,Private vindmøller er ikke reguleret i lokalplanen.,0,null,null,Batterier eller energilagring er ikke reguleret i lokalplanen.,1,15,§11,Ledningsforhold og antenner reguleres; installationer skal udføres hensigtsmæssigt og efter kommunens anvisninger.,1,13–14,§5 og §8,"Der stilles krav til bygningers facadeudtryk, materialer, skiltning og reklamer, hvilket indirekte kan påvirke solceller.","Lokalplanen regulerer ikke VE direkte, men tekniske installationer og stramme krav til facadeudtryk kan indirekte begrænse solceller."
338244,2008-12-18,Nexø,https://dokument.plandata.dk/20_1104516_APPROVED_1231411856394.pdf,0,null,null,Solceller eller solfangere er ikke nævnt i lokalplanen.,0,null,null,Private vindmøller er ikke omtalt i lokalplanen.,0,null,null,Batterier eller energilagring er ikke reguleret i lokalplanen.,1,9,§11,Ledningsforhold og antenner reguleres; tekniske installationer kræver godkendelse og skal indpasses i bebyggelsen.,1,8,§6,"Området er omfattet af bevaringshensyn og krav til bebyggelsens ydre fremtræden, hvilket indirekte kan begrænse solceller.","Lokalplanen regulerer ikke VE direkte, men bevaringshensyn og tekniske krav kan indirekte begrænse solceller."
426580,2013-06-27,Nexø,https://dokument.plandata.dk/20_2213981_APPROVED_1373274065459.pdf,0,null,null,Solceller eller solfangere er ikke direkte omtalt i lokalplanen.,0,null,null,Private vindmøller er ikke reguleret i lokalplanen.,0,null,null,Batterier eller energilagring er ikke reguleret i lokalplanen.,1,12,§10,Ledningsforhold og antenner reguleres; tekniske anlæg kan etableres efter kommunalbestyrelsens godkendelse.,1,11,§5,"Der stilles krav til bygningers ydre fremtræden og bevaringshensyn i det historiske havnemiljø, hvilket indirekte kan påvirke solceller.","Lokalplanen regulerer ikke VE direkte, men tekniske installationer og hensyn til kulturmiljø kan indirekte begrænse solceller."
434866,2013-10-10,Nexø,https://dokument.plandata.dk/20_2534564_1384508915974.pdf,0,null,null,Solceller eller solfangere er ikke nævnt i lokalplanen.,0,null,null,Private vindmøller er ikke omtalt i lokalplanen.,0,null,null,Batterier eller energilagring er ikke reguleret i lokalplanen.,1,12–13,§10,Ledningsforhold og tekniske installationer reguleres og kræver godkendelse.,1,11–12,§8,"Der stilles krav til bygningers ydre fremtræden og materialer, hvilket indirekte kan påvirke solceller.","Lokalplanen regulerer ikke VE direkte, men tekniske og æstetiske krav kan indirekte begrænse solceller."
376579,2014-06-26,Nexø,https://dokument.plandata.dk/20_2842730_1404111923581.pdf,1,6–7,Redegørelse (Anvendelse),Solenergianlæg er direkte tilladt i delområde 2 som erhvervsformål; der gives specifikke rammer for markbaserede solenergianlæg (højde og bebyggelsesprocent).,0,null,null,Private vindmøller er ikke omtalt i lokalplanen.,0,null,null,Batterier eller energilagring er ikke reguleret i lokalplanen.,1,14,§10,Ledningsforhold og antenner reguleres; tekniske anlæg kan etableres efter nærmere bestemmelser.,0,null,null,Ingen øvrig relevant regulering ud over det nævnte.,"Lokalplanen tillader eksplicit solenergianlæg i delområde 2, men regulerer ikke vind eller batterier."
521643,2019-03-28,Nexø,https://dokument.plandata.dk/20_9548587_1640081209170.pdf,0,null,null,Solceller eller solfangere er ikke direkte omtalt i lokalplanens bestemmelser.,0,null,null,Private vindmøller er ikke reguleret i lokalplanen.,0,null,null,Batterier eller energilagring er ikke reguleret i lokalplanen.,1,30,§9,Tekniske anlæg kan etableres som led i havnedrift og områdets funktioner; placering og udformning reguleres.,1,28–29,§6,"Der stilles omfattende krav til bygningers udseende, bevaringshensyn og arkitektonisk udtryk, hvilket indirekte kan begrænse solceller.","Lokalplanen regulerer ikke VE direkte, men tekniske anlæg og stærke arkitektoniske hensyn kan indirekte begrænse solceller."
520306,2021-12-08,Nexø,https://dokument.plandata.dk/20_10820356_1639558062244.pdf,0,null,null,Solceller eller solfangere er ikke omtalt i nedrivningslokalplanen.,0,null,null,Private vindmøller er ikke reguleret i lokalplanen.,0,null,null,Batterier eller energilagring er ikke reguleret i lokalplanen.,1,22–23,§5,Tekniske anlæg omtales i relation til nedrivning og aflysning af eksisterende bebyggelse.,0,null,null,Ingen øvrig relevant regulering for private energianlæg.,Lokalplanen har udelukkende fokus på nedrivning og aflyser dele af tidligere lokalplan; ingen VE-regulering.
442862,1980-10-20,Aakirkeby,https://dokument.plandata.dk/20_1122590_1563259197065.pdf,1,17–18,§7.5–§7.11,"Solfangere er udtrykkeligt tilladt på tage, og kommunalbestyrelsen kan tillade andre tagformer og -hældninger, når der ønskes opsat solfangere.",0,null,null,Private vindmøller er ikke omtalt eller reguleret i lokalplanen.,0,null,null,Batterier eller energilagring er ikke omtalt i lokalplanen.,1,16,§6.1,"El-ledninger, herunder belysning, må ikke fremføres som luftledninger, men skal udføres som jordkabler.",1,16–18,§7.5–§8.6,"Der stilles detaljerede krav til taghældning (25–50°/45–55°), tagmaterialer og facadeudtryk; blanke og reflekterende materialer er reguleret, men solfangere tillades eksplicit.","Lokalplanen tillader solfangere eksplicit og åbner for dispensation fra tagkrav ved sol, men regulerer ikke vind eller batterier; tekniske installationer og æstetiske krav er ellers stramme."